{
  "language": {
    "precision": 0.0,
    "recall": 0.0,
    "f1-score": 0.0,
    "support": 2,
    "confused_with": {}
  },
  "genre": {
    "precision": 1.0,
    "recall": 0.6444444444444445,
    "f1-score": 0.7837837837837839,
    "support": 45,
    "confused_with": {}
  },
  "city": {
    "precision": 1.0,
    "recall": 0.21428571428571427,
    "f1-score": 0.35294117647058826,
    "support": 14,
    "confused_with": {
      "movie_title": 4
    }
  },
  "PERSON": {
    "precision": 0.9770114942528736,
    "recall": 0.7203389830508474,
    "f1-score": 0.8292682926829268,
    "support": 118,
    "confused_with": {
      "movie_title": 3
    }
  },
  "movie_title": {
    "precision": 0.9416058394160584,
    "recall": 0.7413793103448276,
    "f1-score": 0.8295819935691319,
    "support": 174,
    "confused_with": {}
  },
  "micro avg": {
    "precision": 0.9609375,
    "recall": 0.6968838526912181,
    "f1-score": 0.8078817733990147,
    "support": 353
  },
  "macro avg": {
    "precision": 0.7837234667337863,
    "recall": 0.4640896904251667,
    "f1-score": 0.5591150493012862,
    "support": 353
  },
  "weighted avg": {
    "precision": 0.9578662107088759,
    "recall": 0.6968838526912181,
    "f1-score": 0.8000350486075718,
    "support": 353
  }
}