{
  "language": {
    "precision": 0.0,
    "recall": 0.0,
    "f1-score": 0.0,
    "support": 2,
    "confused_with": {
      "movie_title": 1
    }
  },
  "genre": {
    "precision": 0.8536585365853658,
    "recall": 0.7777777777777778,
    "f1-score": 0.8139534883720929,
    "support": 45,
    "confused_with": {
      "movie_title": 1
    }
  },
  "city": {
    "precision": 0.5833333333333334,
    "recall": 0.5,
    "f1-score": 0.5384615384615384,
    "support": 14,
    "confused_with": {
      "movie_title": 2
    }
  },
  "PERSON": {
    "precision": 0.7887323943661971,
    "recall": 0.4745762711864407,
    "f1-score": 0.5925925925925927,
    "support": 118,
    "confused_with": {
      "movie_title": 24
    }
  },
  "movie_title": {
    "precision": 0.7407407407407407,
    "recall": 0.6896551724137931,
    "f1-score": 0.7142857142857143,
    "support": 174,
    "confused_with": {
      "PERSON": 11
    }
  },
  "micro avg": {
    "precision": 0.7622377622377622,
    "recall": 0.6175637393767706,
    "f1-score": 0.6823161189358373,
    "support": 353
  },
  "macro avg": {
    "precision": 0.5932930010051274,
    "recall": 0.4884018442756023,
    "f1-score": 0.5318586667423877,
    "support": 353
  },
  "weighted avg": {
    "precision": 0.7607382782920913,
    "recall": 0.6175637393767706,
    "f1-score": 0.6752918094244929,
    "support": 353
  }
}